flow,object,quantity,start_time,end_time,event
electricity,ASSEMBLY,17.0,2026-04-14T08:00:00Z,2026-04-14T08:30:00Z,
electricity,ASSEMBLY,24.2,2026-04-14T08:30:00Z,2026-04-14T09:00:00Z,
electricity,ASSEMBLY,24.0,2026-04-14T09:00:00Z,2026-04-14T09:30:00Z,
electricity,ASSEMBLY,34.7,2026-04-14T09:30:00Z,2026-04-14T10:00:00Z,
electricity,ASSEMBLY,34.5,2026-04-14T10:00:00Z,2026-04-14T10:30:00Z,
electricity,ASSEMBLY,24.2,2026-04-14T10:30:00Z,2026-04-14T11:00:00Z,
electricity,ASSEMBLY,17.0,2026-04-14T11:00:00Z,2026-04-14T11:30:00Z,
electricity,ASSEMBLY,17.2,2026-04-14T11:30:00Z,2026-04-14T12:00:00Z,
electricity,BODY_CELL,14.5,2026-04-14T08:00:00Z,2026-04-14T08:30:00Z,
electricity,BODY_CELL,14.7,2026-04-14T08:30:00Z,2026-04-14T09:00:00Z,
electricity,BODY_CELL,14.5,2026-04-14T09:00:00Z,2026-04-14T09:30:00Z,
electricity,BODY_CELL,14.7,2026-04-14T09:30:00Z,2026-04-14T10:00:00Z,
electricity,BODY_CELL,11.0,2026-04-14T10:00:00Z,2026-04-14T10:30:00Z,
electricity,BODY_CELL,11.2,2026-04-14T10:30:00Z,2026-04-14T11:00:00Z,
electricity,BODY_CELL,11.0,2026-04-14T11:00:00Z,2026-04-14T11:30:00Z,
electricity,BODY_CELL,11.2,2026-04-14T11:30:00Z,2026-04-14T12:00:00Z,
electricity,PAINT,14.0,2026-04-14T08:00:00Z,2026-04-14T08:30:00Z,
electricity,PAINT,21.2,2026-04-14T08:30:00Z,2026-04-14T09:00:00Z,
electricity,PAINT,24.5,2026-04-14T09:00:00Z,2026-04-14T09:30:00Z,
electricity,PAINT,24.7,2026-04-14T09:30:00Z,2026-04-14T10:00:00Z,
electricity,PAINT,21.0,2026-04-14T10:00:00Z,2026-04-14T10:30:00Z,
electricity,PAINT,14.2,2026-04-14T10:30:00Z,2026-04-14T11:00:00Z,
electricity,PAINT,14.0,2026-04-14T11:00:00Z,2026-04-14T11:30:00Z,
electricity,PAINT,14.2,2026-04-14T11:30:00Z,2026-04-14T12:00:00Z,
electricity,PLANT,92.0,2026-04-14T08:00:00Z,2026-04-14T08:30:00Z,
electricity,PLANT,107.0,2026-04-14T08:30:00Z,2026-04-14T09:00:00Z,
electricity,PLANT,113.0,2026-04-14T09:00:00Z,2026-04-14T09:30:00Z,
electricity,PLANT,128.0,2026-04-14T09:30:00Z,2026-04-14T10:00:00Z,
electricity,PLANT,120.0,2026-04-14T10:00:00Z,2026-04-14T10:30:00Z,
electricity,PLANT,103.5,2026-04-14T10:30:00Z,2026-04-14T11:00:00Z,
electricity,PLANT,92.0,2026-04-14T11:00:00Z,2026-04-14T11:30:00Z,
electricity,PLANT,86.0,2026-04-14T11:30:00Z,2026-04-14T12:00:00Z,
electricity,PRESS,11.5,2026-04-14T08:00:00Z,2026-04-14T08:30:00Z,
electricity,PRESS,11.7,2026-04-14T08:30:00Z,2026-04-14T09:00:00Z,
electricity,PRESS,11.5,2026-04-14T09:00:00Z,2026-04-14T09:30:00Z,
electricity,PRESS,11.7,2026-04-14T09:30:00Z,2026-04-14T10:00:00Z,
electricity,PRESS,8.0,2026-04-14T10:00:00Z,2026-04-14T10:30:00Z,
electricity,PRESS,8.2,2026-04-14T10:30:00Z,2026-04-14T11:00:00Z,
electricity,PRESS,8.0,2026-04-14T11:00:00Z,2026-04-14T11:30:00Z,
electricity,PRESS,8.2,2026-04-14T11:30:00Z,2026-04-14T12:00:00Z,
electricity,TEST,20.0,2026-04-14T08:00:00Z,2026-04-14T08:30:00Z,
electricity,TEST,20.2,2026-04-14T08:30:00Z,2026-04-14T09:00:00Z,
electricity,TEST,23.5,2026-04-14T09:00:00Z,2026-04-14T09:30:00Z,
electricity,TEST,27.2,2026-04-14T09:30:00Z,2026-04-14T10:00:00Z,
electricity,TEST,30.5,2026-04-14T10:00:00Z,2026-04-14T10:30:00Z,
electricity,TEST,30.7,2026-04-14T10:30:00Z,2026-04-14T11:00:00Z,
electricity,TEST,27.0,2026-04-14T11:00:00Z,2026-04-14T11:30:00Z,
electricity,TEST,20.2,2026-04-14T11:30:00Z,2026-04-14T12:00:00Z,
natural_gas,PAINT,12.0,2026-04-14T08:00:00Z,2026-04-14T08:30:00Z,
natural_gas,PAINT,20.0,2026-04-14T08:30:00Z,2026-04-14T09:00:00Z,
natural_gas,PAINT,24.0,2026-04-14T09:00:00Z,2026-04-14T09:30:00Z,
natural_gas,PAINT,24.0,2026-04-14T09:30:00Z,2026-04-14T10:00:00Z,
natural_gas,PAINT,20.0,2026-04-14T10:00:00Z,2026-04-14T10:30:00Z,
natural_gas,PAINT,12.0,2026-04-14T10:30:00Z,2026-04-14T11:00:00Z,
natural_gas,PAINT,12.0,2026-04-14T11:00:00Z,2026-04-14T11:30:00Z,
natural_gas,PAINT,12.0,2026-04-14T11:30:00Z,2026-04-14T12:00:00Z,
natural_gas,PLANT,15.0,2026-04-14T08:00:00Z,2026-04-14T08:30:00Z,
natural_gas,PLANT,23.0,2026-04-14T08:30:00Z,2026-04-14T09:00:00Z,
natural_gas,PLANT,27.0,2026-04-14T09:00:00Z,2026-04-14T09:30:00Z,
natural_gas,PLANT,27.0,2026-04-14T09:30:00Z,2026-04-14T10:00:00Z,
natural_gas,PLANT,23.0,2026-04-14T10:00:00Z,2026-04-14T10:30:00Z,
natural_gas,PLANT,15.0,2026-04-14T10:30:00Z,2026-04-14T11:00:00Z,
natural_gas,PLANT,15.0,2026-04-14T11:00:00Z,2026-04-14T11:30:00Z,
natural_gas,PLANT,15.0,2026-04-14T11:30:00Z,2026-04-14T12:00:00Z,
finished_vehicle,WP_V1_VEHICLE,-1.0,,,E_V1_RELEASE
finished_vehicle,WP_V2_VEHICLE,-1.0,,,E_V2_RELEASE
finished_vehicle,WP_V3_VEHICLE,-1.0,,,E_V3_RELEASE
finished_vehicle,WP_V4_VEHICLE,-1.0,,,E_V4_RELEASE
paint_material,WP_V1_BODY,4.2,,2026-04-14T08:44:00Z,E_V1_PAINT
paint_material,WP_V2_BODY,4.6,,2026-04-14T09:14:00Z,E_V2_PAINT
paint_material,WP_V2_BODY,0.6,,2026-04-14T09:29:00Z,E_V2_PAINT_REWORK
paint_material,WP_V3_BODY,4.2,,2026-04-14T09:44:00Z,E_V3_PAINT
paint_material,WP_V4_BODY,4.6,,2026-04-14T10:14:00Z,E_V4_PAINT
process_water,WP_V1_BODY,120.0,,2026-04-14T08:44:00Z,E_V1_PAINT
process_water,WP_V2_BODY,130.0,,2026-04-14T09:14:00Z,E_V2_PAINT
process_water,WP_V3_BODY,140.0,,2026-04-14T09:44:00Z,E_V3_PAINT
process_water,WP_V4_BODY,150.0,,2026-04-14T10:14:00Z,E_V4_PAINT
steel_scrap,PRESS,-55.0,,2026-04-14T08:08:00Z,E_V1_STAMP
steel_scrap,PRESS,-60.0,,2026-04-14T08:38:00Z,E_V2_STAMP
steel_scrap,PRESS,-55.0,,2026-04-14T09:08:00Z,E_V3_STAMP
steel_scrap,PRESS,-60.0,,2026-04-14T09:38:00Z,E_V4_STAMP
steel_sheet,WP_V1_PANELS,455.0,,2026-04-14T08:08:00Z,E_V1_STAMP
steel_sheet,WP_V2_PANELS,480.0,,2026-04-14T08:38:00Z,E_V2_STAMP
steel_sheet,WP_V3_PANELS,455.0,,2026-04-14T09:08:00Z,E_V3_STAMP
steel_sheet,WP_V4_PANELS,480.0,,2026-04-14T09:38:00Z,E_V4_STAMP
,,,,2026-04-14T09:19:00Z,E_V1_INTERIOR
,,,,2026-04-14T09:07:00Z,E_V1_MARRIAGE
,,,,2026-04-14T08:50:00Z,E_V1_PAINT_CHECK
,,,,2026-04-14T09:31:00Z,E_V1_TEST
,,,,2026-04-14T08:25:00Z,E_V1_WELD
,,,,2026-04-14T10:04:00Z,E_V2_INTERIOR
,,,,2026-04-14T09:52:00Z,E_V2_MARRIAGE
,,,,2026-04-14T09:20:00Z,E_V2_PAINT_CHECK
,,,,2026-04-14T09:33:00Z,E_V2_PAINT_RECHECK
,,,,2026-04-14T10:16:00Z,E_V2_TEST
,,,,2026-04-14T08:55:00Z,E_V2_WELD
,,,,2026-04-14T10:19:00Z,E_V3_INTERIOR
,,,,2026-04-14T10:07:00Z,E_V3_MARRIAGE
,,,,2026-04-14T09:50:00Z,E_V3_PAINT_CHECK
,,,,2026-04-14T10:31:00Z,E_V3_TEST
,,,,2026-04-14T09:25:00Z,E_V3_WELD
,,,,2026-04-14T10:49:00Z,E_V4_INTERIOR
,,,,2026-04-14T10:37:00Z,E_V4_MARRIAGE
,,,,2026-04-14T10:20:00Z,E_V4_PAINT_CHECK
,,,,2026-04-14T11:01:00Z,E_V4_TEST
,,,,2026-04-14T09:55:00Z,E_V4_WELD
